n_sequences,seed,n_tiles,n_boxes,person_ap50,person_recall,epochs
1,42,900,169,0.103040,0.188793,15
2,42,1728,198,0.145585,0.194129,15
4,42,2312,645,0.183852,0.215477,15
8,42,5744,1160,0.194363,0.291528,15
16,42,12854,2449,0.433300,0.441628,15
31,42,26402,5685,0.449233,0.459640,15
1,123,344,0,0.000000,0.000000,15
2,123,1384,259,0.112552,0.176117,15
4,123,3878,801,0.530629,0.477652,15
8,123,6688,1765,0.392542,0.391592,15
16,123,15294,2635,0.465389,0.470314,15
31,123,26402,5685,0.449233,0.459640,15
1,456,808,259,0.142478,0.208139,15
2,456,2474,697,0.309552,0.315544,15
4,456,4546,978,0.400262,0.387885,15
8,456,9730,1350,0.519867,0.477857,15
16,456,13662,2647,0.467792,0.477652,15
31,456,26402,5685,0.449233,0.459640,15
