run,epoch,imgsz,ap50,recall_ceiling,n_dets,n_gt
y11n_tiled640_s123,0,640,0.175808,0.589335,578937,8345
y11n_tiled640_s123,10,640,0.218720,0.654763,367248,8345
y11n_tiled640_s123,20,640,0.276774,0.674296,250108,8345
y11n_tiled640_s123,30,640,0.287783,0.667106,222361,8345
y11n_tiled640_s123,40,640,0.294211,0.665428,218990,8345
y11n_tiled640_s123,50,640,0.294309,0.665069,206933,8345
y11n_tiled640_s123,60,640,0.296608,0.664709,193032,8345
y11n_tiled640_s123,70,640,0.294563,0.662313,177716,8345
y11n_tiled640_s123,80,640,0.285786,0.646255,158048,8345
y11n_tiled640_s123,90,640,0.277256,0.625644,143390,8345
y11n_tiled640_s123,100,640,0.271955,0.619772,151586,8345
y11n_tiled640_s123,110,640,0.258879,0.620491,176935,8345
y11n_tiled640_s123,120,640,0.253249,0.626483,220521,8345
