K,windows,detected,p_detected,p_ci_low,p_ci_high,independence_bound,gap
1,1703,1037,0.6089,0.4715,0.7422,0.6089,0.0
2,1671,1194,0.7145,0.5737,0.8405,0.8471,0.1325
3,1639,1258,0.7675,0.63,0.8872,0.9402,0.1726
4,1607,1283,0.7984,0.6688,0.9145,0.9766,0.1782
5,1575,1294,0.8216,0.6928,0.9281,0.9909,0.1693
6,1543,1292,0.8373,0.7097,0.9396,0.9964,0.1591
7,1513,1286,0.85,0.7274,0.9483,0.9986,0.1486
8,1483,1277,0.8611,0.7404,0.9565,0.9995,0.1384
9,1453,1265,0.8706,0.7505,0.9609,0.9998,0.1292
10,1424,1249,0.8771,0.7593,0.9674,0.9999,0.1228
11,1396,1232,0.8825,0.766,0.9678,1.0,0.1174
12,1369,1216,0.8882,0.7664,0.9726,1.0,0.1117
13,1342,1199,0.8934,0.7718,0.9764,1.0,0.1066
14,1315,1182,0.8989,0.7797,0.9785,1.0,0.1011
15,1288,1165,0.9045,0.7831,0.9835,1.0,0.0955
16,1261,1147,0.9096,0.7886,0.9865,1.0,0.0904
17,1235,1129,0.9142,0.7919,0.9895,1.0,0.0858
18,1209,1109,0.9173,0.7959,0.9926,1.0,0.0827
19,1183,1089,0.9205,0.7987,0.9949,1.0,0.0795
20,1157,1068,0.9231,0.7986,0.9967,1.0,0.0769
