run,artifact_id,format,imgsz,size_bytes,precision,recall,mAP50,mAP50_95,AP_small,delta_mAP50,delta_mAP50_95,delta_AP_small,delta_mAP50_pp,delta_mAP50_95_pp,delta_AP_small_pp,review_preprocessing
y11n_tiled640_s42,pt_fp32,pt,640,5481171,0.69669,0.54111,0.58147,0.31954,0.16305,0.0,0.0,0.0,0.0,0.0,0.0,False
y11n_tiled640_s42,onnx_fp32,onnx,640,10606050,0.69394,0.53947,0.57778,0.31744,0.16163,-0.00369,-0.0021,-0.00142,-0.369,-0.21,-0.142,False
y11n_tiled640_s42,ncnn_fp32,ncnn,640,10523736,0.69394,0.53947,0.57779,0.31744,0.16163,-0.00368,-0.0021,-0.00142,-0.368,-0.21,-0.142,False
y11n_tiled640_s42,ncnn_fp16,ncnn,640,5374039,0.69467,0.53859,0.57765,0.31741,0.16162,-0.00382,-0.00213,-0.00143,-0.382,-0.213,-0.143,False
y8n_tiled640_s42,pt_fp32,pt,640,6258659,0.70088,0.54166,0.58268,0.32026,0.16228,0.0,0.0,0.0,0.0,0.0,0.0,False
y8n_tiled640_s42,onnx_fp32,onnx,640,12267270,0.69467,0.54334,0.57989,0.31881,0.16209,-0.00279,-0.00145,-0.00019,-0.279,-0.145,-0.019,False
y8n_tiled640_s42,ncnn_fp32,ncnn,640,12194618,0.69467,0.54334,0.57989,0.31881,0.16209,-0.00279,-0.00145,-0.00019,-0.279,-0.145,-0.019,False
y8n_tiled640_s42,ncnn_fp16,ncnn,640,6192953,0.69538,0.54275,0.57982,0.31889,0.16213,-0.00286,-0.00137,-0.00015,-0.286,-0.137,-0.015,False
y11n_full640_s42,pt_fp32,pt,640,5457299,0.56201,0.39637,0.41518,0.21663,0.08984,0.0,0.0,0.0,0.0,0.0,0.0,False
y11n_full640_s42,onnx_fp32,onnx,640,10606049,0.56582,0.39418,0.41434,0.21606,0.08961,-0.00084,-0.00057,-0.00023,-0.084,-0.057,-0.023,False
y11n_full640_s42,ncnn_fp32,ncnn,640,10523729,0.56582,0.39418,0.41434,0.21606,0.08961,-0.00084,-0.00057,-0.00023,-0.084,-0.057,-0.023,False
y11n_full640_s42,ncnn_fp16,ncnn,640,5374032,0.56627,0.39413,0.41458,0.21621,0.08964,-0.0006,-0.00042,-0.0002,-0.06,-0.042,-0.02,False
y11n_tiled416_s42,pt_fp32,pt,416,5450323,0.63412,0.47127,0.49792,0.26776,0.11198,0.0,0.0,0.0,0.0,0.0,0.0,False
y11n_tiled416_s42,onnx_fp32,onnx,416,10508952,0.63062,0.46961,0.49418,0.2655,0.11086,-0.00374,-0.00226,-0.00112,-0.374,-0.226,-0.112,False
y11n_tiled416_s42,ncnn_fp32,ncnn,416,10465523,0.63062,0.46961,0.49418,0.2655,0.11086,-0.00374,-0.00226,-0.00112,-0.374,-0.226,-0.112,False
y11n_tiled416_s42,ncnn_fp16,ncnn,416,5315826,0.63036,0.46897,0.49409,0.26547,0.11078,-0.00383,-0.00229,-0.0012,-0.383,-0.229,-0.12,False
y11n_tiled640_s42,tflite_fp32,tflite,640,10608793,0.69394,0.53947,0.57779,0.31744,0.16162,-0.00368,-0.0021,-0.00143,-0.368,-0.21,-0.143,False
y11n_tiled640_s42,tflite_fp16,tflite,640,5363097,0.69442,0.53911,0.5777,0.31737,0.16161,-0.00377,-0.00217,-0.00144,-0.377,-0.217,-0.144,False
y11n_tiled640_s42,tflite_int8_full,tflite,640,2940105,0.4789,0.50175,0.4535,0.23317,0.09942,-0.12797,-0.08637,-0.06363,-12.797,-8.637,-6.363,True
y11n_tiled640_s42,tflite_int8_pertensor,tflite,640,2940385,0.47882,0.50188,0.45401,0.23335,0.09956,-0.12746,-0.08619,-0.06349,-12.746,-8.619,-6.349,True
y11n_tiled640_s42,tflite_int8_hybrid,tflite,640,2987489,0.69243,0.53642,0.57426,0.31423,0.15866,-0.00721,-0.00531,-0.00439,-0.721,-0.531,-0.439,False
y8n_tiled640_s42,tflite_fp32,tflite,640,12282992,0.69467,0.54334,0.57989,0.31881,0.16209,-0.00279,-0.00145,-0.00019,-0.279,-0.145,-0.019,False
y8n_tiled640_s42,tflite_fp16,tflite,640,6184728,0.69406,0.54334,0.57992,0.31875,0.16208,-0.00276,-0.00151,-0.0002,-0.276,-0.151,-0.02,False
y8n_tiled640_s42,tflite_int8_full,tflite,640,3271908,0.52332,0.46762,0.45116,0.23236,0.09788,-0.13152,-0.0879,-0.0644,-13.152,-8.79,-6.44,True
y8n_tiled640_s42,tflite_int8_pertensor,tflite,640,3272172,0.52432,0.46693,0.45024,0.23242,0.09863,-0.13244,-0.08784,-0.06365,-13.244,-8.784,-6.365,True
y8n_tiled640_s42,tflite_int8_hybrid,tflite,640,3349508,0.69591,0.53964,0.57694,0.31609,0.15938,-0.00574,-0.00417,-0.0029,-0.574,-0.417,-0.29,False
y11n_full640_s42,tflite_fp32,tflite,640,10609183,0.56582,0.39418,0.41434,0.21606,0.08961,-0.00084,-0.00057,-0.00023,-0.084,-0.057,-0.023,False
y11n_full640_s42,tflite_fp16,tflite,640,5363487,0.56514,0.39378,0.41393,0.21583,0.08937,-0.00125,-0.0008,-0.00047,-0.125,-0.08,-0.047,False
y11n_full640_s42,tflite_int8_full,tflite,640,2940407,0.36626,0.33874,0.2795,0.11941,0.04415,-0.13568,-0.09722,-0.04569,-13.568,-9.722,-4.569,True
y11n_full640_s42,tflite_int8_pertensor,tflite,640,2940679,0.36705,0.33881,0.27989,0.1204,0.04516,-0.13529,-0.09623,-0.04468,-13.529,-9.623,-4.468,True
y11n_full640_s42,tflite_int8_hybrid,tflite,640,2987879,0.56654,0.39215,0.41275,0.21431,0.08855,-0.00243,-0.00232,-0.00129,-0.243,-0.232,-0.129,False
y11n_tiled416_s42,tflite_fp32,tflite,416,10492765,0.63062,0.46961,0.49418,0.26551,0.11086,-0.00374,-0.00225,-0.00112,-0.374,-0.225,-0.112,False
y11n_tiled416_s42,tflite_fp16,tflite,416,5305281,0.63113,0.46915,0.49392,0.26536,0.11062,-0.004,-0.0024,-0.00136,-0.4,-0.24,-0.136,False
y11n_tiled416_s42,tflite_int8_full,tflite,416,2910969,0.49298,0.40174,0.37867,0.18221,0.06381,-0.11925,-0.08555,-0.04817,-11.925,-8.555,-4.817,True
y11n_tiled416_s42,tflite_int8_pertensor,tflite,416,2911249,0.49074,0.40109,0.37789,0.18146,0.06364,-0.12003,-0.0863,-0.04834,-12.003,-8.63,-4.834,True
y11n_tiled416_s42,tflite_int8_hybrid,tflite,416,2871457,0.62433,0.46757,0.4916,0.26294,0.1087,-0.00632,-0.00482,-0.00328,-0.632,-0.482,-0.328,False
